timestamp,domain
10:00:01,google.com
10:00:03,youtube.com
10:00:05,github.com
10:00:07,facebook.com
10:00:10,abc123.example.com
10:00:11,x8d92ksl29s8d7jd92ks.example.com
10:00:12,a82jd92ksl29s8d7jd92ks.example.com
10:00:13,9dk29s8d7jd92ksl29s8d7j.example.com
10:00:14,k92jd82ks92jd82ks92jd.example.com
10:00:15,p92ks82jd92ksl29s8d7j.example.com
10:00:16,m82ksl29s8d7jd92ks.example.com
10:00:17,q92jd82ksl29s8d7jd.example.com
10:00:18,amazon.com
10:00:20,microsoft.com
10:00:22,google.com